row_id,lgbm_model
0,0.8807142823934555
1,0.8807142823934555
2,0.8807142823934555
3,0.8807142823934555
4,0.8807142823934555
